/*M!999999\- enable the sandbox mode */ 
-- MariaDB dump 10.19-11.5.2-MariaDB, for Win64 (AMD64)
--
-- Host: localhost    Database: question_ppd
-- ------------------------------------------------------
-- Server version	11.5.2-MariaDB

/*!40101 SET @OLD_CHARACTER_SET_CLIENT=@@CHARACTER_SET_CLIENT */;
/*!40101 SET @OLD_CHARACTER_SET_RESULTS=@@CHARACTER_SET_RESULTS */;
/*!40101 SET @OLD_COLLATION_CONNECTION=@@COLLATION_CONNECTION */;
/*!40101 SET NAMES utf8mb4 */;
/*!40103 SET @OLD_TIME_ZONE=@@TIME_ZONE */;
/*!40103 SET TIME_ZONE='+00:00' */;
/*!40014 SET @OLD_UNIQUE_CHECKS=@@UNIQUE_CHECKS, UNIQUE_CHECKS=0 */;
/*!40014 SET @OLD_FOREIGN_KEY_CHECKS=@@FOREIGN_KEY_CHECKS, FOREIGN_KEY_CHECKS=0 */;
/*!40101 SET @OLD_SQL_MODE=@@SQL_MODE, SQL_MODE='NO_AUTO_VALUE_ON_ZERO' */;
/*M!100616 SET @OLD_NOTE_VERBOSITY=@@NOTE_VERBOSITY, NOTE_VERBOSITY=0 */;

--
-- Table structure for table `answers_updrs`
--

DROP TABLE IF EXISTS `answers_updrs`;
/*!40101 SET @saved_cs_client     = @@character_set_client */;
/*!40101 SET character_set_client = utf8 */;
CREATE TABLE `answers_updrs` (
  `id` int(11) NOT NULL AUTO_INCREMENT,
  `survey_id` varchar(100) NOT NULL,
  `choices` varchar(100) NOT NULL,
  `weights` varchar(100) NOT NULL,
  `actual_weight` varchar(100) DEFAULT NULL,
  `timestamp` timestamp NOT NULL DEFAULT current_timestamp(),
  PRIMARY KEY (`id`),
  KEY `idx_survey_id` (`survey_id`)
) ENGINE=InnoDB AUTO_INCREMENT=36 DEFAULT CHARSET=utf8mb4 COLLATE=utf8mb4_general_ci;
/*!40101 SET character_set_client = @saved_cs_client */;

--
-- Dumping data for table `answers_updrs`
--

LOCK TABLES `answers_updrs` WRITE;
/*!40000 ALTER TABLE `answers_updrs` DISABLE KEYS */;
INSERT INTO `answers_updrs` VALUES
(13,'22222222222','1','1','0.5','2024-09-03 00:57:57'),
(14,'99999999999','2','1','0.5','2024-09-03 01:17:35'),
(15,'2','2,3,6','3','2','2024-09-03 03:33:01'),
(16,'1','2,3,4','3','2','2024-10-07 08:20:10'),
(17,'19','1,4','2','2','2024-10-07 09:13:41'),
(18,'313','2,3','2','2','2024-10-07 10:08:59'),
(19,'1414','7','1','0.5','2024-10-07 10:19:26'),
(20,'01099283823','2,3','2','2','2024-10-07 10:39:04'),
(21,'2222','2','1','0.5','2024-10-07 10:44:50'),
(22,'5555','2,3','2','2','2024-10-07 11:00:15'),
(23,'343434','2,3','2','2','2024-10-07 11:21:30'),
(24,'333','2,3','2','2','2024-10-07 11:38:38'),
(25,'11','1','1','0.5','2024-10-09 02:14:52'),
(26,'66','2,3','2','2','2024-10-09 02:29:20'),
(27,'555','1','1','0.5','2024-10-09 03:34:33'),
(28,'4444','1,2','2','2','2024-10-09 04:28:48'),
(29,'233','2,3','2','2','2024-10-09 12:36:35'),
(30,'3223','3','1','0.5','2024-10-09 12:37:47'),
(31,'33','3,2','2','2','2024-10-09 12:58:05'),
(32,'11','3','1','0.5','2024-10-09 13:03:28'),
(33,'23','2,3','2','2','2024-10-09 13:18:58'),
(34,'223','2,3','2','2','2024-10-09 13:20:27'),
(35,'23','3,4','2','2','2024-10-09 13:24:35');
/*!40000 ALTER TABLE `answers_updrs` ENABLE KEYS */;
UNLOCK TABLES;

--
-- Table structure for table `questions`
--

DROP TABLE IF EXISTS `questions`;
/*!40101 SET @saved_cs_client     = @@character_set_client */;
/*!40101 SET character_set_client = utf8 */;
CREATE TABLE `questions` (
  `question_number` int(11) NOT NULL,
  `question_text` text NOT NULL,
  `choice_yes_weight` double NOT NULL,
  `choice_no_weight` double NOT NULL,
  `choice_notsure_weight` double NOT NULL,
  PRIMARY KEY (`question_number`)
) ENGINE=InnoDB DEFAULT CHARSET=utf8mb4 COLLATE=utf8mb4_general_ci;
/*!40101 SET character_set_client = @saved_cs_client */;

--
-- Dumping data for table `questions`
--

LOCK TABLES `questions` WRITE;
/*!40000 ALTER TABLE `questions` DISABLE KEYS */;
INSERT INTO `questions` VALUES
(1,'치매 진단을 받은 적이 있나요?',1,1,1),
(2,'이미 파킨슨병을 진단받았나요?',1,1,1),
(3,'직업 상 농약을 사용하나요?(과거에 주기적으로 사용했던 경험도 포함됩니다.',2,1,1),
(4,'유기용매를 사용하는 직업을 가지고 계신가요?(세탁소, 자동차 도장 등)',1.5,1,1),
(5,'커피를 자주 마시나요?(하루에 커피 세 잔 이상 또는 홍차 6잔 이상)',1.35,0.88,1),
(6,'담배를 피우나요?',0.51,1.2,0.91),
(7,'부모님, 자녀, 형제-자매 중에 파킨슨병에 진단을 받은 분이 있나요?',2.5,1,1),
(8,'파킨슨병 유전자 검사를 시행해본 적이 있습니까?',1,0.45,1),
(9,'파킨슨병 유전자 검사에서 위험유전자가 있었습니까?',1.57,0.45,1),
(10,'당뇨가 있나요?',1.5,0.97,1),
(11,'신체활동이 적은가요?(일주일에 땀이 날 정도의 운동을 1회 이하로 시행)',1.3,0.91,1),
(12,'잠결에 잠꼬대를 심하게 하거나 손발을 움직인다는 말을 3회 이상 들은 적이 있나요?',2.8,0.89,1),
(13,'예전보다 냄새를 잘 못맡으시나요?',6.4,0.4,1),
(14,'낮에 많이 졸린가요?',2.2,0.88,1),
(15,'변비가 있나요?(1주일에 한번 이상 약을 드시나요?)',2.5,0.82,1),
(16,'배뇨 시 불편함이 있으신가요?',2,0.9,1),
(17,'발기 부전이 있나요?(여성의 경우 모른다고 표시해주세요)',3.4,0.87,1),
(18,'앉았다 일어설 때 자주 현기증을 자주 느끼나요?',3.2,0.8,1),
(19,'앉았다 일어났을 때 현기증과 함께 가슴이 두근거리는 증상이 있나요?',0.88,18.7,1),
(20,'우울증을 진단받은 적이 있나요?',1.6,0.88,1),
(21,'치매는 아니지만 기억력 저하로 떨어져 진료를 받고 계신가요?',1.88,0.88,1);
/*!40000 ALTER TABLE `questions` ENABLE KEYS */;
UNLOCK TABLES;

--
-- Table structure for table `questions_updrs`
--

DROP TABLE IF EXISTS `questions_updrs`;
/*!40101 SET @saved_cs_client     = @@character_set_client */;
/*!40101 SET character_set_client = utf8 */;
CREATE TABLE `questions_updrs` (
  `question_index` int(11) NOT NULL,
  `main_q_text` char(100) NOT NULL,
  `choice_yes_weight` int(11) NOT NULL,
  `choice_no_weight` int(11) NOT NULL
) ENGINE=InnoDB DEFAULT CHARSET=utf8mb4 COLLATE=utf8mb4_general_ci;
/*!40101 SET character_set_client = @saved_cs_client */;

--
-- Dumping data for table `questions_updrs`
--

LOCK TABLES `questions_updrs` WRITE;
/*!40000 ALTER TABLE `questions_updrs` DISABLE KEYS */;
INSERT INTO `questions_updrs` VALUES
(1,'얼굴의 표정이 없어지거나 입을 벌리고 있을 때가 있음',1,0),
(2,'엄지와 검지 손가락의 빠른 움직임이 잘 안됨',1,0),
(3,'의자에서 일어날 때 느리거나 균형이 잘 안잡힘',1,0),
(4,'대체로 피곤함',1,0),
(5,'옷을 입고 벗을 때 이전보다 불편함',1,0),
(6,'손이나 발이 떨림',1,0),
(7,'균형잡기 어려움',1,0);
/*!40000 ALTER TABLE `questions_updrs` ENABLE KEYS */;
UNLOCK TABLES;

--
-- Table structure for table `snack`
--

DROP TABLE IF EXISTS `snack`;
/*!40101 SET @saved_cs_client     = @@character_set_client */;
/*!40101 SET character_set_client = utf8 */;
CREATE TABLE `snack` (
  `name` varchar(50) NOT NULL,
  `price` int(10) DEFAULT NULL,
  PRIMARY KEY (`name`)
) ENGINE=InnoDB DEFAULT CHARSET=utf8mb4 COLLATE=utf8mb4_general_ci;
/*!40101 SET character_set_client = @saved_cs_client */;

--
-- Dumping data for table `snack`
--

LOCK TABLES `snack` WRITE;
/*!40000 ALTER TABLE `snack` DISABLE KEYS */;
/*!40000 ALTER TABLE `snack` ENABLE KEYS */;
UNLOCK TABLES;

--
-- Table structure for table `survey_answers`
--

DROP TABLE IF EXISTS `survey_answers`;
/*!40101 SET @saved_cs_client     = @@character_set_client */;
/*!40101 SET character_set_client = utf8 */;
CREATE TABLE `survey_answers` (
  `survey_id` varchar(100) DEFAULT NULL,
  `question_number` int(11) DEFAULT NULL,
  `choice` varchar(10) DEFAULT NULL,
  `weight` varchar(10) DEFAULT NULL
) ENGINE=InnoDB DEFAULT CHARSET=utf8mb4 COLLATE=utf8mb4_general_ci;
/*!40101 SET character_set_client = @saved_cs_client */;

--
-- Dumping data for table `survey_answers`
--

LOCK TABLES `survey_answers` WRITE;
/*!40000 ALTER TABLE `survey_answers` DISABLE KEYS */;
INSERT INTO `survey_answers` VALUES
('181818',1,'아니오','1'),
('181818',2,'아니오','1'),
('181818',3,'아니오','1'),
('181818',4,'아니오','1'),
('181818',5,'아니오','0.88'),
('181818',6,'아니오','1.2'),
('181818',7,'아니오','1'),
('181818',8,'아니오','0.45'),
('181818',9,'skipped','1'),
('181818',10,'네','1.5'),
('181818',11,'아니오','0.91'),
('181818',12,'네','2.8'),
('181818',13,'아니오','0.4'),
('181818',14,'아니오','0.88'),
('181818',15,'네','2.5'),
('181818',16,'아니오','0.9'),
('181818',17,'네','3.4'),
('181818',18,'네','3.2'),
('181818',19,'네','0.88'),
('181818',20,'네','1.6'),
('1',1,'모름','1'),
('1',2,'아니오','1'),
('1',3,'네','2'),
('1',4,'아니오','1'),
('1',5,'아니오','0.88'),
('1',6,'모름','0.91'),
('1',7,'네','2.5'),
('1',8,'아니오','0.45'),
('1',9,'skipped','1'),
('1',10,'네','1.5'),
('1',11,'아니오','0.91'),
('1',12,'네','2.8'),
('1',13,'아니오','0.4'),
('1',14,'네','2.2'),
('1',15,'아니오','0.82'),
('1',16,'모름','1'),
('1',17,'아니오','0.87'),
('1',18,'모름','1'),
('1',19,'아니오','18.7'),
('1',20,'모름','1'),
('1',21,'아니오','0.88'),
('19',1,'아니오','1'),
('19',2,'네','1'),
('19',2,'네','1'),
('19',2,'네','1'),
('19',3,'아니오','1'),
('19',4,'네','1.5'),
('19',5,'아니오','0.88'),
('19',6,'아니오','1.2'),
('19',7,'네','2.5'),
('19',8,'네','1'),
('19',9,'네','1.57'),
('19',10,'아니오','0.97'),
('19',11,'아니오','0.91'),
('19',12,'모름','1'),
('19',12,'모름','1'),
('19',12,'네','2.8'),
('19',13,'아니오','0.4'),
('19',14,'아니오','0.88'),
('19',15,'네','2.5'),
('19',16,'아니오','0.9'),
('19',17,'네','3.4'),
('19',18,'네','3.2'),
('19',19,'네','0.88'),
('19',20,'아니오','0.88'),
('19',21,'네','1.88'),
('313',9,'skipped','1'),
('1414',1,'아니오','1'),
('1414',2,'모름','1'),
('1414',3,'네','2'),
('1414',4,'아니오','1'),
('1414',5,'네','1.35'),
('1414',6,'아니오','1.2'),
('1414',7,'네','2.5'),
('1414',8,'네','1'),
('1414',9,'네','1.57'),
('1414',10,'아니오','0.97'),
('1414',11,'모름','1'),
('1414',12,'네','2.8'),
('1414',13,'아니오','0.4'),
('1414',14,'네','2.2'),
('1414',15,'아니오','0.82'),
('1414',16,'네','2'),
('1414',17,'아니오','0.87'),
('1414',18,'네','3.2'),
('1414',19,'아니오','18.7'),
('1414',20,'네','1.6'),
('1414',21,'아니오','0.88'),
('01099283823',1,'아니오','1'),
('01099283823',2,'네','1'),
('01099283823',3,'모름','1'),
('01099283823',4,'아니오','1'),
('01099283823',5,'네','1.35'),
('01099283823',6,'모름','0.91'),
('01099283823',7,'아니오','1'),
('01099283823',9,'아니오','0.45'),
('01099283823',10,'네','1.5'),
('01099283823',11,'모름','1'),
('01099283823',12,'아니오','0.89'),
('01099283823',13,'네','6.4'),
('01099283823',14,'아니오','0.88'),
('01099283823',15,'아니오','0.82'),
('01099283823',16,'아니오','0.9'),
('01099283823',17,'네','3.4'),
('01099283823',18,'네','3.2'),
('01099283823',19,'네','0.88'),
('01099283823',20,'아니오','0.88'),
('01099283823',21,'네','1.88'),
('2222',9,'skipped','1'),
('2222',1,'모름','1'),
('2222',2,'모름','1'),
('2222',3,'네','2'),
('2222',4,'아니오','1'),
('2222',5,'아니오','0.88'),
('2222',6,'모름','0.91'),
('2222',7,'아니오','1'),
('2222',8,'아니오','0.45'),
('2222',10,'모름','1'),
('2222',11,'아니오','0.91'),
('2222',12,'네','2.8'),
('2222',13,'모름','1'),
('2222',14,'모름','1'),
('2222',15,'아니오','0.82'),
('2222',16,'모름','1'),
('2222',17,'아니오','0.87'),
('2222',18,'아니오','0.8'),
('2222',19,'아니오','18.7'),
('2222',20,'모름','1'),
('2222',21,'아니오','0.88'),
('5555',1,'모름','1'),
('5555',2,'아니오','1'),
('5555',3,'네','2'),
('5555',4,'아니오','1'),
('5555',5,'모름','1'),
('5555',6,'아니오','1.2'),
('5555',7,'아니오','1'),
('5555',8,'네','1'),
('5555',9,'네','1.57'),
('5555',10,'아니오','0.97'),
('5555',11,'아니오','0.91'),
('5555',12,'네','2.8'),
('5555',13,'모름','1'),
('5555',14,'모름','1'),
('5555',15,'아니오','0.82'),
('5555',16,'모름','1'),
('5555',17,'아니오','0.87'),
('5555',18,'아니오','0.8'),
('5555',19,'아니오','18.7'),
('5555',20,'모름','1'),
('5555',21,'아니오','0.88'),
('343434',9,'skipped','1'),
('343434',1,'아니오','1'),
('343434',2,'아니오','1'),
('343434',3,'네','2'),
('343434',4,'아니오','1'),
('343434',5,'아니오','0.88'),
('343434',6,'모름','0.91'),
('343434',7,'아니오','1'),
('343434',8,'아니오','0.45'),
('343434',10,'모름','1'),
('343434',11,'아니오','0.91'),
('343434',12,'네','2.8'),
('343434',13,'모름','1'),
('343434',14,'모름','1'),
('343434',15,'아니오','0.82'),
('343434',16,'모름','1'),
('343434',17,'아니오','0.87'),
('343434',18,'아니오','0.8'),
('343434',19,'아니오','18.7'),
('343434',20,'모름','1'),
('343434',21,'아니오','0.88'),
('222',9,'skipped','1'),
('333',9,'skipped','1'),
('333',1,'아니오','1'),
('333',2,'모름','1'),
('333',3,'아니오','1'),
('333',4,'모름','1'),
('333',5,'아니오','0.88'),
('333',6,'아니오','1.2'),
('333',7,'네','2.5'),
('333',8,'아니오','0.45'),
('333',10,'모름','1'),
('333',11,'아니오','0.91'),
('333',12,'네','2.8'),
('333',13,'모름','1'),
('333',14,'네','2.2'),
('333',15,'아니오','0.82'),
('333',16,'네','2'),
('333',17,'모름','1'),
('333',18,'아니오','0.8'),
('333',19,'네','0.88'),
('333',20,'모름','1'),
('333',21,'아니오','0.88'),
('34',9,'skipped','1'),
('11',9,'skipped','1'),
('11',9,'skipped','1'),
('66',1,'모름','1'),
('66',2,'모름','1'),
('66',3,'네','2'),
('66',4,'아니오','1'),
('66',5,'네','1.35'),
('66',6,'모름','0.91'),
('66',7,'아니오','1'),
('66',8,'네','1'),
('66',9,'아니오','0.45'),
('66',10,'아니오','0.97'),
('66',11,'네','1.3'),
('66',12,'모름','1'),
('66',13,'아니오','0.4'),
('66',14,'네','2.2'),
('66',15,'아니오','0.82'),
('66',16,'네','2'),
('66',17,'모름','1'),
('66',18,'아니오','0.8'),
('66',19,'네','0.88'),
('66',20,'모름','1'),
('66',21,'아니오','0.88'),
('555',9,'skipped','1'),
('555',1,'모름','1'),
('555',2,'모름','1'),
('555',3,'모름','1'),
('555',4,'모름','1'),
('555',5,'모름','1'),
('555',6,'모름','0.91'),
('555',7,'모름','1'),
('555',8,'모름','1'),
('555',10,'모름','1'),
('555',11,'모름','1'),
('555',12,'모름','1'),
('555',13,'모름','1'),
('555',14,'모름','1'),
('555',15,'모름','1'),
('555',16,'모름','1'),
('555',17,'모름','1'),
('555',18,'모름','1'),
('555',19,'모름','1'),
('555',20,'모름','1'),
('555',21,'모름','1'),
('4444',9,'skipped','1'),
('4444',1,'모름','1'),
('4444',2,'모름','1'),
('4444',3,'모름','1'),
('4444',4,'모름','1'),
('4444',5,'모름','1'),
('4444',6,'모름','0.91'),
('4444',7,'모름','1'),
('4444',8,'모름','1'),
('4444',10,'모름','1'),
('4444',11,'모름','1'),
('4444',12,'모름','1'),
('4444',13,'모름','1'),
('4444',14,'모름','1'),
('4444',15,'모름','1'),
('4444',16,'모름','1'),
('4444',17,'아니오','0.87'),
('4444',18,'아니오','0.8'),
('4444',19,'아니오','18.7'),
('4444',20,'아니오','0.88'),
('4444',21,'아니오','0.88'),
('233',9,'skipped','1'),
('233',1,'모름','1'),
('233',2,'아니오','1'),
('233',3,'네','2'),
('233',4,'모름','1'),
('233',5,'네','1.35'),
('233',6,'모름','0.91'),
('233',7,'아니오','1'),
('233',8,'아니오','0.45'),
('233',10,'모름','1'),
('233',11,'아니오','0.91'),
('233',12,'네','2.8'),
('233',13,'모름','1'),
('233',14,'모름','1'),
('233',15,'아니오','0.82'),
('233',16,'모름','1'),
('233',17,'아니오','0.87'),
('233',18,'아니오','0.8'),
('233',19,'아니오','18.7'),
('233',20,'모름','1'),
('233',21,'아니오','0.88'),
('3223',9,'skipped','1'),
('3223',1,'모름','1'),
('3223',2,'모름','1'),
('3223',3,'아니오','1'),
('3223',4,'아니오','1'),
('3223',5,'모름','1'),
('3223',6,'모름','0.91'),
('3223',7,'아니오','1'),
('3223',8,'모름','1'),
('3223',10,'모름','1'),
('3223',11,'아니오','0.91'),
('3223',12,'네','2.8'),
('3223',13,'모름','1'),
('3223',14,'모름','1'),
('3223',15,'아니오','0.82'),
('3223',16,'모름','1'),
('3223',17,'아니오','0.87'),
('3223',18,'아니오','0.8'),
('3223',19,'아니오','18.7'),
('3223',20,'모름','1'),
('3223',21,'아니오','0.88'),
('33',9,'skipped','1'),
('33',1,'아니오','1'),
('33',2,'네','1'),
('33',3,'모름','1'),
('33',4,'아니오','1'),
('33',5,'모름','1'),
('33',6,'아니오','1.2'),
('33',7,'모름','1'),
('33',8,'아니오','0.45'),
('33',10,'모름','1'),
('33',11,'모름','1'),
('33',12,'아니오','0.89'),
('33',13,'모름','1'),
('33',14,'모름','1'),
('33',15,'모름','1'),
('33',16,'모름','1'),
('33',17,'모름','1'),
('33',18,'모름','1'),
('33',19,'모름','1'),
('33',20,'모름','1'),
('33',21,'모름','1'),
('11',9,'skipped','1'),
('11',1,'모름','1'),
('11',2,'모름','1'),
('11',3,'아니오','1'),
('11',4,'모름','1'),
('11',5,'모름','1'),
('11',6,'모름','0.91'),
('11',7,'모름','1'),
('11',8,'모름','1'),
('11',10,'모름','1'),
('11',11,'모름','1'),
('11',12,'아니오','0.89'),
('11',13,'모름','1'),
('11',14,'모름','1'),
('11',15,'모름','1'),
('11',16,'모름','1'),
('11',17,'모름','1'),
('11',18,'모름','1'),
('11',19,'모름','1'),
('11',20,'모름','1'),
('11',21,'모름','1'),
('23',9,'skipped','1'),
('23',1,'모름','1'),
('23',2,'모름','1'),
('23',3,'아니오','1'),
('23',4,'아니오','1'),
('23',5,'아니오','0.88'),
('23',6,'모름','0.91'),
('23',7,'아니오','1'),
('23',8,'아니오','0.45'),
('23',10,'모름','1'),
('23',11,'아니오','0.91'),
('23',12,'아니오','0.89'),
('23',13,'아니오','0.4'),
('23',14,'모름','1'),
('23',15,'아니오','0.82'),
('23',16,'모름','1'),
('23',17,'아니오','0.87'),
('23',18,'아니오','0.8'),
('23',19,'아니오','18.7'),
('23',20,'모름','1'),
('23',21,'아니오','0.88'),
('223',9,'skipped','1'),
('223',1,'모름','1'),
('223',2,'아니오','1'),
('223',3,'아니오','1'),
('223',4,'아니오','1'),
('223',5,'네','1.35'),
('223',6,'아니오','1.2'),
('223',7,'네','2.5'),
('223',8,'아니오','0.45'),
('223',10,'네','1.5'),
('223',11,'모름','1'),
('223',12,'아니오','0.89'),
('223',13,'네','6.4'),
('223',14,'모름','1'),
('223',15,'아니오','0.82'),
('223',16,'네','2'),
('223',17,'모름','1'),
('223',18,'아니오','0.8'),
('223',19,'네','0.88'),
('223',20,'아니오','0.88'),
('223',21,'모름','1'),
('23',9,'skipped','1'),
('23',1,'모름','1'),
('23',2,'아니오','1'),
('23',3,'아니오','1'),
('23',4,'아니오','1'),
('23',5,'아니오','0.88'),
('23',6,'아니오','1.2'),
('23',7,'아니오','1'),
('23',8,'아니오','0.45'),
('23',10,'아니오','0.97'),
('23',11,'아니오','0.91'),
('23',12,'아니오','0.89'),
('23',13,'모름','1'),
('23',14,'모름','1'),
('23',15,'모름','1'),
('23',16,'모름','1'),
('23',17,'모름','1'),
('23',18,'모름','1'),
('23',19,'모름','1'),
('23',20,'모름','1'),
('23',21,'모름','1');
/*!40000 ALTER TABLE `survey_answers` ENABLE KEYS */;
UNLOCK TABLES;

--
-- Table structure for table `survey_responses`
--

DROP TABLE IF EXISTS `survey_responses`;
/*!40101 SET @saved_cs_client     = @@character_set_client */;
/*!40101 SET character_set_client = utf8 */;
CREATE TABLE `survey_responses` (
  `name` text NOT NULL,
  `age` int(11) NOT NULL,
  `sex` binary(1) DEFAULT NULL,
  `underlying` text DEFAULT NULL,
  `id` varchar(11) DEFAULT NULL,
  `created_at` datetime DEFAULT current_timestamp()
) ENGINE=InnoDB DEFAULT CHARSET=utf8mb4 COLLATE=utf8mb4_general_ci;
/*!40101 SET character_set_client = @saved_cs_client */;

--
-- Dumping data for table `survey_responses`
--

LOCK TABLES `survey_responses` WRITE;
/*!40000 ALTER TABLE `survey_responses` DISABLE KEYS */;
INSERT INTO `survey_responses` VALUES
('fff',65,'m','dm,we','1212','2024-10-21 04:53:16'),
('김병만',50,'m','htn,dm','01088572383','2024-10-21 04:53:16'),
('kkkk',66,'m','dm,we','4747','2024-10-21 04:53:16'),
('4434',67,'f','dm','22222222222','2024-10-21 04:53:16'),
('kollia',65,'f','htn,dm','99999999999','2024-10-21 04:53:16'),
('1',84,'m','없음','2','2024-10-21 04:53:16'),
('마이아야',69,'m','dm,hl,두통','01088929392','2024-10-21 04:53:16'),
('',84,'m','없음','99929992992','2024-10-21 04:53:16'),
('',84,'m','없음','10101010','2024-10-21 04:53:16'),
('',84,'m','없음','1919','2024-10-21 04:53:16'),
('',84,'m','없음','181818','2024-10-21 04:53:16'),
('',84,'m','없음','1919','2024-10-21 04:53:16'),
('',84,'m','없음','1919','2024-10-21 04:53:16'),
('',84,'m','없음','1818','2024-10-21 04:53:16'),
('',84,'m','없음','12','2024-10-21 04:53:16'),
('',84,'m','없음','1919','2024-10-21 04:53:16'),
('',84,'m','없음','1919','2024-10-21 04:53:16'),
('',84,'m','없음','1','2024-10-21 04:53:16'),
('',84,'m','없음','19','2024-10-21 04:53:16'),
('',84,'m','없음','313','2024-10-21 04:53:16'),
('',84,'m','없음','1414','2024-10-21 04:53:16'),
('worzh',52,'m','dm','01099283823','2024-10-21 04:53:16'),
('',84,'m','없음','2222','2024-10-21 04:53:16'),
('er',84,'m','없음','5555','2024-10-21 04:53:16'),
('krkrk',84,'m','없음','343434','2024-10-21 04:53:16'),
('',84,'m','없음','222','2024-10-21 04:53:16'),
('',84,'m','없음','333','2024-10-21 04:53:16'),
('',84,'m','없음','11','2024-10-21 04:53:16'),
('',84,'m','없음','23','2024-10-21 04:53:16'),
('',84,'m','없음','34','2024-10-21 04:53:16'),
('',84,'m','없음','44','2024-10-21 04:53:16'),
('',84,'m','없음','11','2024-10-21 04:53:16'),
('',84,'m','없음','343','2024-10-21 04:53:16'),
('',84,'m','없음','11','2024-10-21 04:53:16'),
('',84,'m','없음','66','2024-10-21 04:53:16'),
('',84,'m','없음','555','2024-10-21 04:53:16'),
('',84,'m','없음','4444','2024-10-21 04:53:16'),
('',84,'m','없음','233','2024-10-21 04:53:16'),
('',84,'m','없음','3223','2024-10-21 04:53:16'),
('',84,'m','없음','33','2024-10-21 04:53:16'),
('',84,'m','없음','11','2024-10-21 04:53:16'),
('',84,'m','없음','23','2024-10-21 04:53:16'),
('',84,'m','없음','223','2024-10-21 04:53:16'),
('',84,'m','없음','23','2024-10-21 04:53:16');
/*!40000 ALTER TABLE `survey_responses` ENABLE KEYS */;
UNLOCK TABLES;

--
-- Table structure for table `survey_consent`
--

DROP TABLE IF EXISTS `survey_consent`;
/*!40101 SET @saved_cs_client     = @@character_set_client */;
/*!40101 SET character_set_client = utf8 */;
CREATE TABLE `survey_consent` (
  `id` int(11) NOT NULL AUTO_INCREMENT,
  `survey_id` varchar(11) NOT NULL,
  `version` int(11) NOT NULL DEFAULT 1,
  `privacy_consent` varchar(20) NOT NULL COMMENT 'all/hallym/this_research/none',
  `consent1` tinyint(4) NOT NULL DEFAULT 0,
  `consent2` tinyint(4) NOT NULL DEFAULT 0,
  `consent3` tinyint(4) NOT NULL DEFAULT 0,
  `consent4` tinyint(4) NOT NULL DEFAULT 0,
  `consent5` tinyint(4) NOT NULL DEFAULT 0,
  `consent6` tinyint(4) NOT NULL DEFAULT 0,
  `created_at` datetime DEFAULT current_timestamp(),
  PRIMARY KEY (`id`),
  KEY `idx_survey_id` (`survey_id`),
  KEY `idx_survey_version` (`survey_id`,`version`)
) ENGINE=InnoDB DEFAULT CHARSET=utf8mb4 COLLATE=utf8mb4_general_ci;
/*!40101 SET character_set_client = @saved_cs_client */;

/*!40103 SET TIME_ZONE=@OLD_TIME_ZONE */;

/*!40101 SET SQL_MODE=@OLD_SQL_MODE */;
/*!40014 SET FOREIGN_KEY_CHECKS=@OLD_FOREIGN_KEY_CHECKS */;
/*!40014 SET UNIQUE_CHECKS=@OLD_UNIQUE_CHECKS */;
/*!40101 SET CHARACTER_SET_CLIENT=@OLD_CHARACTER_SET_CLIENT */;
/*!40101 SET CHARACTER_SET_RESULTS=@OLD_CHARACTER_SET_RESULTS */;
/*!40101 SET COLLATION_CONNECTION=@OLD_COLLATION_CONNECTION */;
/*M!100616 SET NOTE_VERBOSITY=@OLD_NOTE_VERBOSITY */;

-- Dump completed on 2024-10-22  0:37:12
